d,z
a,s
a,d
a,o
a,i
a,q
a,g
a,r
a,m
a,w
a,u
a,t
a,z
b,s
b,h
b,d
b,b
b,y
b,e
b,z
b,j
b,m
b,t
b,o
b,a
b,w
b,v
b,r
i,o
v,g
b,n
b,g
b,f
b,u
b,i
k,h
c,m
c,a
c,v
k,y
c,f
t,d
c,l
c,n
c,x
c,c
c,o
k,m
c,g
c,k
c,r
h,r
c,u
c,y
c,z
c,s
c,i
y,d
d,k
d,j
d,m
d,o
t,p
e,c
e,g
s,v
g,q
e,r
e,e
e,t
f,k
f,o
f,j
f,i
f,r
g,f
p,f
t,f
g,a
g,m
g,e
d,d
d,e
g,h
g,i
g,r
g,l
g,d
g,p
g,u
g,t
g,n
g,w
g,y
h,t
h,m
h,n
h,k
h,u
i,s
i,n
i,d
i,q
i,e
i,r
i,l
i,t
j,m
j,p
j,o
k,z
k,e
k,i
k,p
k,r
k,w
k,g
l,a
l,v
l,b
l,s
l,r
l,y
l,i
l,t
l,u
m,o
m,g
m,w
m,y
m,v
m,l
m,t
m,h
m,q
m,r
m,u
y,t
m,x
f,m
m,d
m,c
m,n
m,s
m,a
m,z
m,m
n,a
n,r
n,p
a,n
n,l
n,t
n,c
n,z
n,i
n,e
n,g
n,u
n,f
m,p
n,o
o,m
p,k
p,w
p,a
p,g
p,y
p,e
p,h
p,n
p,l
p,t
p,r
q,a
r,o
r,u
r,w
r,e
l,c
w,s
s,m
s,t
s,a
s,n
s,c
s,l
s,g
s,k
s,i
s,b
s,o
z,a
g,s
e,s
l,k
s,h
k,n
p,m
v,c
s,d
s,r
s,j
s,z
s,e
c,h
s,y
t,w
t,j
t,z
t,h
t,g
t,k
t,o
t,t
t,n
t,r
t,m
t,c
t,v
u,g
u,a
s,u
a,e
g,b
u,m
v,i
u,s
u,y
u,z
v,u
v,a
v,e
v,n
w,f
e,h
y,e
y,u
z,r
z,m
z,w
